Parameters;mse-mean;mse-std;mae-mean;mae-std;r2-mean;r2-std;time-mean;time-std
NBR_;0.00024374991522430116;0.00014397439810308462;0.005190523972458259;0.00013738789588994157;0.015461973972790765;0.006813208844880915;1688.8302112817764;299.81688605328657
